{
  "counts": {
    "platform": [
      "mastodon",
      "bluesky",
      "hackernews",
      "huggingface",
      "wikipedia",
      "github"
    ],
    "n": [
      129,
      392,
      295,
      3000,
      268,
      52
    ]
  },
  "diagnostics": {
    "hackernews": {
      "er_mean": {
        "n": 295,
        "mean": 16.046345,
        "std": 46.738711,
        "median": 0.0,
        "min": 0.0,
        "max": 271.619147,
        "skew": 2.862755
      },
      "ppi_mean": {
        "n": 295,
        "mean": 25.910048,
        "std": 25.557948,
        "median": 50.097278,
        "min": 0.194556,
        "max": 75.048639,
        "skew": 0.031952
      },
      "sentiment_avg": {
        "n": 295,
        "mean": -0.485217,
        "std": 0.835223,
        "median": -0.993705,
        "min": -0.999789,
        "max": 0.999876,
        "skew": 1.128464
      },
      "afi_mean": {
        "n": 295,
        "mean": 0.040697,
        "std": 0.143075,
        "median": 0.0,
        "min": 0.0,
        "max": 1.0,
        "skew": 4.717138
      }
    },
    "github": {
      "er_mean": {
        "n": 52,
        "mean": 3.846154,
        "std": 19.418391,
        "median": 0.0,
        "min": 0.0,
        "max": 100.0,
        "skew": 4.8
      },
      "ppi_mean": {
        "n": 52,
        "mean": 51.279448,
        "std": 18.645498,
        "median": 50.097278,
        "min": 0.194556,
        "max": 90.019456,
        "skew": -0.958425
      },
      "sentiment_avg": {
        "n": 52,
        "mean": -0.640912,
        "std": 0.678396,
        "median": -0.990078,
        "min": -0.999771,
        "max": 0.993773,
        "skew": 1.653037
      },
      "afi_mean": {
        "n": 52,
        "mean": 0.004172,
        "std": 0.017871,
        "median": 0.0,
        "min": 0.0,
        "max": 0.115473,
        "skew": 5.182165
      }
    },
    "bluesky": {
      "er_mean": {
        "n": 392,
        "mean": 146.999008,
        "std": 748.283358,
        "median": 0.0,
        "min": 0.0,
        "max": 11600.0,
        "skew": 11.621448
      },
      "ppi_mean": {
        "n": 392,
        "mean": 6.811408,
        "std": 18.643136,
        "median": 0.194556,
        "min": 0.194556,
        "max": 88.910506,
        "skew": 2.65186
      },
      "sentiment_avg": {
        "n": 392,
        "mean": -0.322467,
        "std": 0.8788,
        "median": -0.948818,
        "min": -0.999822,
        "max": 0.999862,
        "skew": 0.709722
      },
      "afi_mean": {
        "n": 392,
        "mean": 0.321964,
        "std": 0.369601,
        "median": 0.107748,
        "min": 0.0,
        "max": 1.0,
        "skew": 0.656457
      }
    },
    "wikipedia": {
      "er_mean": {
        "n": 268,
        "mean": 0.0,
        "std": 0.0,
        "median": 0.0,
        "min": 0.0,
        "max": 0.0,
        "skew": NaN
      },
      "ppi_mean": {
        "n": 268,
        "mean": 47.243538,
        "std": 21.190306,
        "median": 50.097278,
        "min": 0.159244,
        "max": 93.76216,
        "skew": -1.034539
      },
      "sentiment_avg": {
        "n": 268,
        "mean": -0.514573,
        "std": 0.764548,
        "median": -0.985953,
        "min": -0.999745,
        "max": 0.998031,
        "skew": 1.184901
      },
      "afi_mean": {
        "n": 268,
        "mean": 0.196937,
        "std": 0.364835,
        "median": 0.0,
        "min": 0.0,
        "max": 1.0,
        "skew": 1.525398
      }
    },
    "huggingface": {
      "er_mean": {
        "n": 3000,
        "mean": 0.0,
        "std": 0.0,
        "median": 0.0,
        "min": 0.0,
        "max": 0.0,
        "skew": NaN
      },
      "ppi_mean": {
        "n": 3000,
        "mean": 50.097278,
        "std": 0.0,
        "median": 50.097278,
        "min": 50.097278,
        "max": 50.097278,
        "skew": NaN
      },
      "sentiment_avg": {
        "n": 3000,
        "mean": -0.155887,
        "std": 0.960079,
        "median": -0.963822,
        "min": -0.999819,
        "max": 0.999891,
        "skew": 0.319771
      },
      "afi_mean": {
        "n": 3000,
        "mean": 0.012726,
        "std": 0.108739,
        "median": 0.0,
        "min": 0.0,
        "max": 1.0,
        "skew": 8.50922
      }
    },
    "mastodon": {
      "er_mean": {
        "n": 129,
        "mean": 10.985094,
        "std": 74.479439,
        "median": 0.0,
        "min": 0.0,
        "max": 600.0,
        "skew": 7.757552
      },
      "ppi_mean": {
        "n": 129,
        "mean": 20.028537,
        "std": 29.158404,
        "median": 0.194556,
        "min": 0.194556,
        "max": 95.009728,
        "skew": 1.014251
      },
      "sentiment_avg": {
        "n": 129,
        "mean": -0.597001,
        "std": 0.720304,
        "median": -0.985008,
        "min": -0.999774,
        "max": 0.999849,
        "skew": 1.542606
      },
      "afi_mean": {
        "n": 129,
        "mean": 0.041226,
        "std": 0.151186,
        "median": 0.0,
        "min": 0.0,
        "max": 1.0,
        "skew": 4.647937
      }
    }
  }
}