{
  "er_mean": {
    "n_null": 0,
    "n_zero": 3881,
    "n_inf": 0,
    "min": 0.0,
    "max": 11600.0,
    "mean": 15.467689,
    "std": 234.753585,
    "skew": 37.189127,
    "kurtosis": 1625.354226,
    "p1": 0.0,
    "p5": 0.0,
    "p25": 0.0,
    "p50": 0.0,
    "p75": 0.0,
    "p95": 1.886792,
    "p99": 200.0
  },
  "ppi_mean": {
    "n_null": 0,
    "n_zero": 0,
    "n_inf": 0,
    "min": 0.159244,
    "max": 95.009728,
    "mean": 43.161715,
    "std": 18.409469,
    "skew": -1.712273,
    "kurtosis": 1.718251,
    "p1": 0.194556,
    "p5": 0.194556,
    "p25": 50.097278,
    "p50": 50.097278,
    "p75": 50.097278,
    "p95": 50.097278,
    "p99": 75.048639
  },
  "sentiment_avg": {
    "n_null": 0,
    "n_zero": 0,
    "n_inf": 0,
    "min": -0.999822,
    "max": 0.999891,
    "mean": -0.238263,
    "std": 0.933582,
    "skew": 0.498784,
    "kurtosis": -1.713381,
    "p1": -0.999774,
    "p5": -0.999621,
    "p25": -0.997736,
    "p50": -0.974604,
    "p75": 0.991391,
    "p95": 0.999829,
    "p99": 0.999877
  },
  "afi_mean": {
    "n_null": 0,
    "n_zero": 3762,
    "n_inf": 0,
    "min": 0.0,
    "max": 1.0,
    "mean": 0.056747,
    "std": 0.204116,
    "skew": 3.746068,
    "kurtosis": 13.026812,
    "p1": 0.0,
    "p5": 0.0,
    "p25": 0.0,
    "p50": 0.0,
    "p75": 0.0,
    "p95": 0.555556,
    "p99": 1.0
  }
}