{
  "n": 1136,
  "pearson_r": 0.0136,
  "pearson_p": 0.647376808445325,
  "spearman_rho": 0.045,
  "spearman_p": 0.1295796674081331
}